splice_id	p_val	padj
1:6785575-6825092_(CAMTA1)_3	1.14352417692558e-05	5.73148178374213e-05
1:6820250-6825092_(CAMTA1)_3	1.14352417692558e-05	5.73148178374213e-05
1:22429014-22489880_(ZBTB40)_3	0.00316740598310961	0.00622195902145285
1:22452004-22489880_(ZBTB40)_3	0.0187608498493269	0.0243567077321717
1:45331556-45332023_(MUTYH)_3	0.00192880078347137	0.00417570221971421
1:145833582-145838056_(POLR3C)_3	0.0342767718479581	0.0382033562240719
1:145836574-145836815_(POLR3C)_5	4.83928180947624e-05	0.000188339861093955
1:145836574-145838056_(POLR3C)_5	7.05657509429685e-05	0.000255955596622083
1:145836574-145838056_(POLR3C)_3	5.14257560188053e-05	0.000193314091943418
1:145837596-145838056_(POLR3C)_3	2.9062438610669e-05	0.000121387054197087
1:150926348-150927704_(SETDB1)_3	0.00170909200663253	0.00380975495818087
1:150926463-150927704_(SETDB1)_3	0.0448214135680999	0.0461036181850978
1:154598585-154601041_(ADAR)_5	0.0020951651006619	0.0044542455996077
1:154598585-154601231_(ADAR)_5	0.0020951651006619	0.0044542455996077
1:202729103-202729707_(KDM5B)_3	0.00202939322771287	0.00434794870289778
1:202729173-202729707_(KDM5B)_3	0.00202939322771287	0.00434794870289778
1:202764145-202773118_(KDM5B)_3	0.0288052728934998	0.0338380123336993
1:202767060-202773118_(KDM5B)_3	0.0241973285238651	0.0300468328667213
1:231338604-231339769_(SPRTN)_3	6.55577933615764e-05	0.000238838304449444
1:231339477-231339769_(SPRTN)_3	6.55577933615764e-05	0.000238838304449444
1:231537327-231542460_(TSNAX)_5	0.0355543812280244	0.0394148435329439
1:231537327-231542481_(TSNAX)_5	0.0355543812280244	0.0394148435329439
1:241850586-241853358_(EXO1)_3	0.0280849039598518	0.0334190152155359
1:241852411-241853358_(EXO1)_3	0.0280849039598518	0.0334190152155359
1:244048586-244053788_(ZBTB18)_3	0.032544430776583	0.036717932131288
1:244048993-244053788_(ZBTB18)_3	1.49790993295801e-05	7.10627302315509e-05
1:244049921-244053788_(ZBTB18)_3	0.0438020742949818	0.0451112272004358
1:244053200-244053788_(ZBTB18)_3	8.21116489478834e-05	0.000295244929043041
1:161766442-161791408_(ATF6)_3	0.0110565209745615	0.0159855644160182
1:161781999-161791408_(ATF6)_3	0.0110565209745615	0.0159855644160182
2:9868429-9875865_(TAF1B)_5	0.00819721504400748	0.0128213816438246
2:9868429-9882706_(TAF1B)_5	0.00819721504400748	0.0128213816438246
2:9868429-9882706_(TAF1B)_3	0.0099885533560674	0.0146204134964031
2:9876018-9882706_(TAF1B)_3	0.00998855335606695	0.0146204134964031
2:28393822-28404107_(FOSL2)_3	0.0247313335889461	0.0305265863851618
2:47412560-47416296_(MSH2)_3	0.0317302060397596	0.0362944403801952
2:47414418-47416296_(MSH2)_3	0.0317302060397596	0.0362944403801952
2:47445657-47448328_(MSH2)_5	0.0297484205762759	0.0347270349636926
2:47445657-47463031_(MSH2)_5	0.0297484205762759	0.0347270349636926
2:60920109-60921763_(REL)_3	5.53248975954217e-13	2.28768451557069e-11
2:60920642-60921763_(REL)_3	5.53248975954217e-13	2.28768451557069e-11
2:121757333-121758710_(TSN)_3	0.000211030438744235	0.000692548304926518
2:121757434-121758710_(TSN)_3	0.000211030438744235	0.000692548304926518
2:127280631-127286703_(ERCC3)_3	0.022999178067128	0.0287750684743039
2:127284289-127286703_(ERCC3)_3	0.000873391267207083	0.00222244485532387
2:144390028-144394393_(ZEB2)_5	0.0264401704903665	0.0318746661742465
2:144390028-144396412_(ZEB2)_5	0.0264401704903665	0.0318746661742465
2:144390028-144396412_(ZEB2)_3	0.0466512543487732	0.047222261133948
2:144394480-144396412_(ZEB2)_3	0.047011690808489	0.0475234988937573
2:156330171-156330668_(NR4A2)_3	0.000579558806627528	0.00156632396431688
2:189791941-189805652_(PMS1)_5	0.0462145544162754	0.0470998254516923
2:189791941-189818017_(PMS1)_5	0.0462145544162754	0.0470998254516923
2:189791941-189818017_(PMS1)_3	0.0170572824620935	0.0225017095519314
2:189855128-189867799_(PMS1)_3	0.000620432247754956	0.00166590087303035
2:190979001-190980620_(STAT1)_3	0.00227695673554783	0.00470760805074515
2:190979866-190980620_(STAT1)_3	0.00227695673554783	0.00470760805074515
2:191036299-191039199_(STAT4)_3	0.00671473699275628	0.0109762318452243
2:191038961-191039199_(STAT4)_3	0.00671473699275628	0.0109762318452243
2:191066515-191069693_(STAT4)_3	0.022178085697235	0.0278742809598987
2:191068594-191069693_(STAT4)_3	0.022178085697235	0.0278742809598987
2:199272672-199308760_(SATB2)_3	1.45328602333292e-11	4.29238407605832e-10
2:199285706-199308760_(SATB2)_3	1.45328602333292e-11	4.29238407605832e-10
2:207530018-207555628_(CREB1)_3	0.00464251600865509	0.00832833132138343
2:207530134-207555628_(CREB1)_3	0.00504977362927407	0.00888545274768012
2:207534683-207555628_(CREB1)_3	0.00154166451507098	0.00346455585316224
2:213021720-213021993_(IKZF2)_3	0.00557017432728225	0.00959694618471338
2:218659035-218659369_(ZNF142)_3	0.0291100118091091	0.0340991214817751
2:218659130-218659369_(ZNF142)_3	0.0291100118091091	0.0340991214817751
2:219157650-219158186_(NHEJ1)_3	0.0404629337398362	0.04251949962242
2:219157684-219158186_(NHEJ1)_3	0.0404629337398362	0.04251949962242
2:230169237-230170621_(SP110)_5	0.00990039254262447	0.0145428501469812
2:230169237-230172066_(SP110)_5	0.00990039254262447	0.0145428501469812
2:230169237-230172066_(SP110)_3	0.00371773302628138	0.00716338671357954
2:230171767-230172066_(SP110)_3	0.000346933085758457	0.00104332240698998
2:230506445-230511125_(SP100)_3	0.00231455161526026	0.00476152782542347
2:230508031-230511125_(SP100)_3	0.00231455161526026	0.00476152782542347
2:231457124-231457643_(NCL)_3	5.21356872189294e-06	2.93307573673841e-05
2:231457357-231457643_(NCL)_3	5.21356872189267e-06	2.93307573673841e-05
2:231463312-231464336_(NCL)_3	0.015573287559577	0.0208399818960683
2:231463316-231464143_(NCL)_5	9.12896918049428e-08	8.29632693655908e-07
2:231463316-231464336_(NCL)_5	9.12896918049428e-08	8.29632693655908e-07
2:231463316-231464336_(NCL)_3	0.015573287559577	0.0208399818960683
2:238239568-238239661_(HES6)_5	3.89319476842458e-07	3.00903932101601e-06
2:238239568-238239825_(HES6)_5	3.89319476842458e-07	3.00903932101601e-06
2:238239568-238239825_(HES6)_3	1.85813567884692e-06	1.1467747809003e-05
2:238239747-238239825_(HES6)_3	1.85813567884692e-06	1.1467747809003e-05
2:241097427-241102253_(MTERF4)_3	0.000907149450559568	0.00226650331000835
2:241099894-241102253_(MTERF4)_3	0.000681681426950536	0.00181270270124789
2:156330010-156332480_(NR4A2)_3	0.000977686855174227	0.00242079948870984
3:8947290-8958920_(RAD18)_3	0.0256737399616263	0.0311779485290234
3:8948570-8958920_(RAD18)_3	0.0256737399616263	0.0311779485290234
3:9751949-9754704_(OGG1)_5	0.000163987332246948	0.000555809523640271
3:9751949-9756471_(OGG1)_5	0.046558764434271	0.047222261133948
3:9751949-9765809_(OGG1)_5	0.0112523008667991	0.0162119387053011
3:9751949-9781513_(OGG1)_5	7.61949735739248e-05	0.000275167000635964
3:12351674-12379704_(PPARG)_3	0.0390564964140537	0.0414005929646074
3:23962605-23964977_(NR1D2)_3	0.00215010030319745	0.00454765460548412
3:23963330-23964977_(NR1D2)_3	0.00215010030319745	0.00454765460548412
3:25615586-25618654_(TOP2B)_3	1.99907835724449e-05	9.03408634667319e-05
3:25618509-25618654_(TOP2B)_3	1.99907835724449e-05	9.03408634667319e-05
3:33396280-33396745_(UBP1)_5	0.0287247465265604	0.0337948312008249
3:33396280-33397045_(UBP1)_5	0.0287247465265604	0.0337948312008249
3:33396280-33397045_(UBP1)_3	0.032738490028473	0.0368363690524451
3:33396878-33397045_(UBP1)_3	0.032738490028473	0.0368363690524451
3:36993663-36996619_(MLH1)_3	0.00555683046216258	0.00959394319876504
3:36993890-36996619_(MLH1)_3	0.00893335823691633	0.0137066554024672
3:36994037-36996619_(MLH1)_3	0.0114440713130831	0.0164595599581213
3:36996709-37004401_(MLH1)_3	0.00759692488537907	0.0119898032065047
3:37001048-37004401_(MLH1)_3	0.0266041326532098	0.0319790955002972
3:37001053-37004401_(MLH1)_3	0.00839276181134603	0.0129977790598936
3:37012099-37028784_(MLH1)_3	0.0358524398573163	0.0396389943342254
3:37026007-37028784_(MLH1)_3	0.0358524398573163	0.0396389943342254
3:44502668-44510553_(ZNF852)_3	0.00562937917309647	0.00965738074068213
3:44503056-44510553_(ZNF852)_3	0.00562937917309647	0.00965738074068213
3:70970805-70972011_(FOXP1)_5	0.0172853738234257	0.0227627454649252
3:70970805-70972555_(FOXP1)_5	0.0191230518444657	0.0247636218582301
3:101828184-101852085_(NFKBIZ)_3	0.000464896846269899	0.00131667702693564
3:101829688-101852085_(NFKBIZ)_3	8.98032318187716e-05	0.000321503345082788
3:101849917-101852085_(NFKBIZ)_3	1.08550938333892e-05	5.64601421397037e-05
3:107523107-107526327_(BBX)_3	0.00306117310970402	0.00602759562315529
3:107525490-107526327_(BBX)_3	0.000373922076767491	0.00110836400532873
3:107645909-107710452_(BBX)_3	0.00943849059692839	0.0142179084219668
3:107661944-107710452_(BBX)_3	0.0287276497390326	0.0337948312008249
3:121719750-121722262_(GOLGB1)_3	0.0178199664724059	0.0232446565815137
3:121719768-121722262_(GOLGB1)_3	0.0178199664724059	0.0232446565815137
3:127604783-127604877_(MCM2)_5	0.0324350594016582	0.0366445274934035
3:127604783-127604896_(MCM2)_5	0.0324350594016582	0.0366445274934035
3:127609023-127615862_(MCM2)_3	0.00223120900425986	0.00463620564452991
3:127610985-127615862_(MCM2)_3	0.00223120900425986	0.00463620564452991
3:129288997-129290679_(HMCES)_5	1.51595409589047e-07	1.27927962989941e-06
3:129288997-129298354_(HMCES)_5	1.51595409589047e-07	1.27927962989941e-06
3:129288997-129298354_(HMCES)_3	3.43673850103329e-05	0.000140702115859135
3:129290804-129298354_(HMCES)_3	5.27666200208823e-05	0.000196567543951665
3:189808526-189864232_(TP63)_3	0.011969424712038	0.0168784581523889
3:189844412-189864232_(TP63)_3	0.011969424712038	0.0168784581523889
4:1935262-1938451_(NSD2)_5	1.51682148960488e-06	9.95564580875585e-06
4:1935262-1939654_(NSD2)_5	1.51682148960488e-06	9.95564580875585e-06
4:1935262-1939654_(NSD2)_3	1.66930327348711e-06	1.04584379331351e-05
4:1938532-1939654_(NSD2)_3	1.66930327348711e-06	1.04584379331351e-05
4:26163614-26362446_(RBPJ)_3	0.00564028403597276	0.00965738074068213
4:26320815-26362446_(RBPJ)_5	0.012000644974129	0.0168784581523889
4:26320815-26362446_(RBPJ)_3	0.0192118968723459	0.0248253729897344
4:26320815-26386353_(RBPJ)_5	0.0120006449741285	0.0168784581523889
4:26321048-26362446_(RBPJ)_3	1.69261718616545e-05	7.86401355594846e-05
4:26321871-26362446_(RBPJ)_3	0.0243839844573946	0.0301428328045819
4:26383960-26384529_(RBPJ)_5	0.030153916340669	0.0348105419370977
4:26383960-26386353_(RBPJ)_5	0.030153916340669	0.0348105419370977
4:26412987-26415475_(RBPJ)_3	0.0458792173324929	0.0469580603143213
4:26414155-26415475_(RBPJ)_3	0.0359410399261508	0.0396838985566445
4:26428860-26430419_(RBPJ)_3	0.0161280656386181	0.0214435856642076
4:26430053-26430419_(RBPJ)_3	0.0161280656386181	0.0214435856642076
4:67492275-67492751_(CENPC)_5	0.00374193840419149	0.00716338671357954
4:67492275-67492869_(CENPC)_5	0.00374193840419149	0.00716338671357954
4:75514520-75515433_(THAP6)_3	0.00151866421098681	0.00343151721990736
4:75514991-75515433_(THAP6)_3	0.00151866421098681	0.00343151721990736
4:102580639-102582573_(NFKB1)_5	0.0312287714893769	0.0358199639690911
4:102580639-102582866_(NFKB1)_5	0.0312287714893769	0.0358199639690911
4:102580639-102582866_(NFKB1)_3	0.0365066694970687	0.0398298359816303
4:102582634-102582866_(NFKB1)_3	0.0365066694970687	0.0398298359816303
4:102596332-102596831_(NFKB1)_5	0.0242945618635252	0.0300772494927176
4:102596332-102597520_(NFKB1)_5	0.0242945618635252	0.0300772494927176
4:102596332-102597520_(NFKB1)_3	0.0095318372370734	0.0142546643671966
4:102596872-102597520_(NFKB1)_3	0.0095318372370734	0.0142546643671966
4:184429070-184452571_(IRF2)_5	4.83548472467631e-07	3.66875767642872e-06
4:184429070-184474106_(IRF2)_5	0.0355060918985976	0.0394148435329439
5:80654964-80656411_(MSH3)_3	0.00603462610302316	0.010184970994286
5:80655262-80656411_(MSH3)_3	0.00603462610302316	0.010184970994286
5:80813741-80848448_(MSH3)_5	0.038071171156109	0.0408894266832496
5:80813741-80854130_(MSH3)_5	0.0375333961273285	0.0404695157722304
5:88804801-88823735_(MEF2C)_3	0.0361971166342892	0.0398298359816303
5:88817831-88823735_(MEF2C)_3	0.0361971166342892	0.0398298359816303
5:88823927-88880924_(MEF2C)_5	0.037165733579261	0.040242407785293
5:88823927-88882955_(MEF2C)_5	0.00258475489919161	0.00525206953717804
5:88823927-88887502_(MEF2C)_5	0.000423047514818183	0.00122328774389733
5:132484497-132485667_(IRF1)_5	4.56515351093607e-09	6.39895246363411e-08
5:132484497-132486557_(IRF1)_5	9.09379694824861e-11	2.03258650708151e-09
5:132484497-132486557_(IRF1)_3	2.15940525037241e-11	6.158028076062e-10
5:132485716-132486251_(IRF1)_5	3.0648303265227e-10	6.0347968572251e-09
5:132485716-132486557_(IRF1)_5	3.06483032652302e-10	6.0347968572251e-09
5:132485716-132486557_(IRF1)_3	3.84041713725728e-10	7.38610458723668e-09
5:132486373-132486557_(IRF1)_3	2.2537440236187e-12	8.8754586072984e-11
5:132486686-132486954_(IRF1)_3	8.33905370540694e-08	7.7487611397433e-07
5:132486840-132486954_(IRF1)_3	0.0417657988847146	0.0436115096940139
5:132486844-132486954_(IRF1)_3	6.79926094236833e-07	4.84740413736087e-06
5:132486868-132486954_(IRF1)_3	0.000459077589415627	0.0013093981379091
5:132488025-132489392_(IRF1)_5	0.000440163046513323	0.0012639404148143
5:132488025-132490545_(IRF1)_5	0.000440163046513323	0.0012639404148143
5:132488025-132490545_(IRF1)_3	0.000297520421928129	0.000914681743251163
5:132489483-132490545_(IRF1)_3	0.000390213138555303	0.00114842087396881
5:134115387-134115909_(TCF7)_3	2.7601495939896e-11	7.36336682009484e-10
5:134115630-134115909_(TCF7)_3	0.00016095039358472	0.000552306952259601
5:134115674-134115909_(TCF7)_3	3.03200487580267e-11	7.83583760090253e-10
5:134139038-134142185_(TCF7)_3	7.09743398473917e-10	1.27599519682159e-08
5:134140888-134142185_(TCF7)_3	7.09743398473917e-10	1.27599519682159e-08
5:135335141-135339428_(MACROH2A1)_5	0.00181538613916419	0.0039674203530765
5:135335141-135343260_(MACROH2A1)_5	0.00181538613916419	0.0039674203530765
5:135335141-135343260_(MACROH2A1)_3	0.000228773860555639	0.000730486419612022
5:135339575-135343260_(MACROH2A1)_3	0.000228773860555639	0.000730486419612022
5:135346057-135350823_(MACROH2A1)_5	1.27322574852131e-07	1.10837652002855e-06
5:135346057-135352946_(MACROH2A1)_5	3.74760406566573e-07	2.95168434505291e-06
5:135346057-135360497_(MACROH2A1)_5	1.79464044408301e-05	8.24537581809249e-05
5:135346057-135360497_(MACROH2A1)_3	4.87559678481393e-06	2.78077140761456e-05
5:135346057-135388922_(MACROH2A1)_5	0.00905468363460776	0.0137785747602928
5:135346057-135388922_(MACROH2A1)_3	0.000797124227922366	0.00205365026944485
5:135350913-135360497_(MACROH2A1)_3	2.85942758812374e-09	4.2227618131756e-08
5:135353045-135360497_(MACROH2A1)_3	8.17176455271146e-09	1.05820485439301e-07
5:135370142-135388922_(MACROH2A1)_3	0.000797124227922366	0.00205365026944485
5:143400852-143403211_(NR3C1)_5	0.0332195836423814	0.0372257393932919
5:143400852-143404376_(NR3C1)_5	0.0274249909931447	0.0327711660850155
5:143400852-143404619_(NR3C1)_5	0.0380125260568898	0.0408795306229491
5:143400852-143405150_(NR3C1)_5	0.00298013536306513	0.00589610513218867
5:93585804-93587917_(NR2F1)_3	3.62985732177744e-07	2.88643462029803e-06
6:395007-395487_(IRF4)_5	0.0065512568454212	0.0107817018390684
6:395007-395847_(IRF4)_5	0.0065512568454212	0.0107817018390684
6:395007-395847_(IRF4)_3	0.0186618213060642	0.0242662361951507
6:395546-395847_(IRF4)_3	0.0186618213060651	0.0242662361951507
6:10400791-10402492_(TFAP2A)_3	0.000889873374668733	0.00225743951181301
6:18236596-18237381_(DEK)_3	0.00622144509613465	0.0103523844959826
6:18236600-18237381_(DEK)_3	0.00622144509613465	0.0103523844959826
6:18237516-18244508_(DEK)_5	2.85679227498258e-05	0.000121157292892851
6:18237516-18249651_(DEK)_5	2.85679227498258e-05	0.000121157292892851
6:18237516-18249651_(DEK)_3	0.000163846142556125	0.000555809523640271
6:18244603-18249651_(DEK)_3	0.000163846142556125	0.000555809523640271
6:28332393-28336082_(ZSCAN31)_3	2.70663441016402e-08	2.83340083190588e-07
6:31760216-31760690_(MSH5)_5	0.0090266588664135	0.0137785747602928
6:31760216-31761188_(MSH5)_5	0.0090266588664135	0.0137785747602928
6:31760216-31761188_(MSH5)_3	0.0083534378045265	0.012961150214528
6:31760839-31761188_(MSH5)_3	0.0083534378045265	0.012961150214528
6:31761615-31761750_(MSH5)_5	0.0300902817083982	0.0348105419370977
6:45512407-45513450_(RUNX2)_5	6.81130676355605e-06	3.73043092282176e-05
6:45512407-45545217_(RUNX2)_5	0.00903349822295117	0.0137785747602928
6:45512407-45546827_(RUNX2)_5	0.0381909070477862	0.0409473666115921
6:52264786-52266075_(MCM3)_3	5.37039338976955e-07	4.00118498499047e-06
6:52265385-52266075_(MCM3)_3	5.37039338976955e-07	4.00118498499047e-06
6:52282861-52283294_(MCM3)_5	0.0274612068886527	0.0327711660850155
6:52282861-52284597_(MCM3)_5	0.0274612068886527	0.0327711660850155
6:52282861-52284597_(MCM3)_3	0.0338433936631291	0.0377712369222777
6:52283406-52284597_(MCM3)_3	0.0338433936631291	0.0377712369222777
6:87155361-87215903_(ZNF292)_3	0.00981141745260069	0.014516367866195
6:87155759-87215903_(ZNF292)_3	0.00981141745260069	0.014516367866195
6:118826864-118829048_(MCM9)_3	0.0433761520362026	0.0447282764762338
6:118828130-118829048_(MCM9)_3	0.0433761520362026	0.0447282764762338
6:143942663-143947985_(PLAGL1)_5	1.1056119725459e-05	5.67913727512709e-05
6:143942663-143960469_(PLAGL1)_5	0.000137624794446997	0.000482269936473162
6:143942663-143964787_(PLAGL1)_5	0.0176830065559762	0.0232124546377656
6:143942663-143964787_(PLAGL1)_3	0.0042092605071205	0.0078671047123646
6:143964818-143968907_(PLAGL1)_3	0.00492832689875656	0.00876500289305737
6:143966230-143968907_(PLAGL1)_3	0.036669468724558	0.0399021718884336
6:143966285-143968907_(PLAGL1)_3	0.019488083488527	0.0250033405745555
6:143968978-143985135_(PLAGL1)_5	0.0273987737901473	0.0327711660850155
6:143968978-144008090_(PLAGL1)_5	0.000185062328534897	0.000617123168138548
6:143968978-144064451_(PLAGL1)_5	0.0240896893201479	0.0299581549891163
6:143968978-144064468_(PLAGL1)_5	0.0229438273743537	0.0287493109675614
6:156935576-157084662_(ARID1B)_3	0.0123338833246087	0.0172671032403167
6:157036876-157084662_(ARID1B)_3	0.0123338833246087	0.0172671032403167
6:157174117-157180969_(ARID1B)_3	4.25866216428711e-05	0.000169322769705069
6:157175005-157180969_(ARID1B)_3	4.25866216428711e-05	0.000169322769705069
6:170567009-170567226_(TBP)_5	0.00125693610281777	0.00296149902287833
6:170567009-170569612_(TBP)_5	0.00125693610281777	0.00296149902287833
6:170567009-170569612_(TBP)_3	0.00435172896666855	0.00806923734402442
6:170567505-170569612_(TBP)_3	0.00435172896666855	0.00806923734402442
6:170569740-170571410_(TBP)_3	0.00106094719569836	0.00258059803188983
6:170569779-170571410_(TBP)_3	0.00106094719569836	0.00258059803188983
7:5977714-5978596_(PMS2)_3	0.00689979412774011	0.011210471009118
7:6006031-6006321_(PMS2)_5	0.00691481273691673	0.0112128433988826
7:7639144-7640320_(RPA3)_5	0.00138334961510795	0.00316030423119965
7:7639144-7640723_(RPA3)_5	0.00138334961510795	0.00316030423119965
7:44074025-44074398_(POLM)_3	0.00395700183909058	0.00750559752506401
7:44074233-44074398_(POLM)_3	0.0072660437465276	0.011690696845094
7:44074530-44078756_(POLM)_3	0.0220236372001113	0.0278069434572398
7:44076629-44078756_(POLM)_3	0.0220236372001113	0.0278069434572398
7:44078811-44079571_(POLM)_5	0.0151085722535785	0.0204255864679787
7:44078811-44080733_(POLM)_5	0.0151085722535785	0.0204255864679787
7:44117247-44117619_(POLD2)_5	0.00441565445233414	0.00809699829729564
7:44117247-44121834_(POLD2)_5	0.00441565445233414	0.00809699829729564
7:44117247-44121834_(POLD2)_3	0.00454120701249625	0.00821789540335754
7:44118064-44121834_(POLD2)_3	0.00454120701249625	0.00821789540335754
7:50304359-50319048_(IKZF1)_3	2.0263936566071e-13	9.85780914125924e-12
7:50304922-50319048_(IKZF1)_3	2.04721213206559e-09	3.07826260585135e-08
7:50308906-50319048_(IKZF1)_3	3.15215939951999e-13	1.4482421241128e-11
7:50327757-50368006_(IKZF1)_5	4.7433144098676e-08	4.50887473213851e-07
7:50327757-50376533_(IKZF1)_5	0.00151324618355849	0.00343151721990736
7:50327757-50376533_(IKZF1)_3	0.00182938751149081	0.00397087525460078
7:50327757-50382540_(IKZF1)_5	1.47222135543561e-21	4.05842353648417e-19
7:50327757-50382540_(IKZF1)_3	2.95692483405751e-23	2.44537683776556e-20
7:50368065-50376533_(IKZF1)_5	1.753401306184e-08	1.90797747396601e-07
7:50368065-50376533_(IKZF1)_3	0.00182938751149081	0.00397087525460078
7:50368065-50382540_(IKZF1)_5	1.753401306184e-08	1.90797747396601e-07
7:50368065-50382540_(IKZF1)_3	0.00924592823760475	0.0139787617047516
7:50376793-50382540_(IKZF1)_3	1.27024996989266e-21	4.05842353648417e-19
7:74232216-74233775_(RFC2)_5	0.000474262871594254	0.00133406596873622
7:74232216-74235532_(RFC2)_5	0.000474262871594254	0.00133406596873622
7:74232216-74235532_(RFC2)_3	0.000302109720684908	0.00092193630629675
7:74233894-74235532_(RFC2)_3	0.000302109720684908	0.00092193630629675
7:74246763-74249012_(RFC2)_5	0.00103134616991185	0.00253092962171247
7:74246763-74249739_(RFC2)_5	0.00103134616991185	0.00253092962171247
7:74246763-74249739_(RFC2)_3	0.000840659057940277	0.00214575629912534
7:74249118-74249739_(RFC2)_3	0.000840659057940277	0.00214575629912534
7:74743520-74744139_(GTF2I)_5	0.00982970496380801	0.014516367866195
7:74743520-74744758_(GTF2I)_5	0.00982970496380801	0.014516367866195
7:74743520-74744758_(GTF2I)_3	0.00503924580557115	0.00888545274768012
7:74744250-74744758_(GTF2I)_3	0.00503924580557115	0.00888545274768012
7:74836383-74851367_(GTF2IRD2)_3	0.00594587673777742	0.0100763116027499
7:74850290-74851367_(GTF2IRD2)_3	0.00594587673777742	0.0100763116027499
7:87152555-87154390_(DMTF1)_5	6.06677883238137e-14	3.13576630898712e-12
7:87152555-87163495_(DMTF1)_5	6.06677883238137e-14	3.13576630898712e-12
7:87152555-87163495_(DMTF1)_3	9.74499775194397e-15	6.71592761738138e-13
7:87154528-87155455_(DMTF1)_5	0.00524964443915597	0.00913990726564629
7:87154528-87163495_(DMTF1)_5	0.00524964443915597	0.00913990726564629
7:87154528-87163495_(DMTF1)_3	1.65038695366894e-09	2.67621570722395e-08
7:87155497-87163495_(DMTF1)_3	0.00171729942798589	0.00381775974985035
7:87163332-87163495_(DMTF1)_3	1.29008810387419e-07	1.11135714781662e-06
7:87163617-87164934_(DMTF1)_3	0.0482799773032073	0.0485146308988487
7:87164331-87164934_(DMTF1)_3	0.0482799773032073	0.0485146308988487
7:87184625-87185829_(DMTF1)_3	0.0429554942137522	0.0445165334771593
7:87184892-87185829_(DMTF1)_3	0.0429554942137522	0.0445165334771593
7:92089529-92092674_(AKAP9)_5	0.00277324860454302	0.00556669076688611
7:92089529-92093097_(AKAP9)_5	0.00277324860454302	0.00556669076688611
7:100100093-100100544_(MCM7)_5	6.63525144490421e-18	1.09747058898722e-15
7:100100093-100101264_(MCM7)_5	6.63525144490457e-18	1.09747058898722e-15
7:107169027-107174448_(HBP1)_3	0.00373971427793488	0.00716338671357954
7:107169027-107179879_(HBP1)_3	0.00344214852519447	0.00672968517809888
7:107170130-107174448_(HBP1)_3	0.00373971427793463	0.00716338671357954
7:107170130-107179879_(HBP1)_3	0.000151231556081021	0.000527715176704659
7:115984513-116030633_(TFEC)_5	6.36438267679126e-06	3.50889631580443e-05
7:115984513-116110708_(TFEC)_5	6.36438267679158e-06	3.50889631580443e-05
7:124846998-124851872_(POT1)_3	0.043090058516911	0.0445443479918568
7:124848659-124851872_(POT1)_3	0.043090058516911	0.0445443479918568
7:128937834-128942071_(IRF5)_3	1.00074784221931e-08	1.21708597869908e-07
7:128938049-128942071_(IRF5)_3	0.00104153507311481	0.00254837131794658
7:128939423-128942071_(IRF5)_3	0.00393077768650836	0.00747299573963774
7:128940875-128942071_(IRF5)_3	3.84344243137445e-08	3.72581736348363e-07
7:128941391-128942071_(IRF5)_3	0.000177157215822921	0.000595212678837082
7:128941424-128942071_(IRF5)_3	0.000353303386620561	0.00105863007512755
7:152649363-152660701_(XRCC2)_5	0.00200491018398638	0.00431786646394984
7:152649363-152676041_(XRCC2)_5	0.00200491018398638	0.00431786646394984
7:152649363-152676041_(XRCC2)_3	0.00181820110497702	0.0039674203530765
7:152660782-152676041_(XRCC2)_3	0.00181820110497702	0.0039674203530765
7:107170130-107174448_(HBP1)_5	0.00369034732808742	0.00716055287170613
7:107170130-107179879_(HBP1)_5	0.00369034732808742	0.00716055287170613
8:11704304-11707856_(GATA4)_5	9.43551882660344e-07	6.50264505800087e-06
8:11704304-11748916_(GATA4)_5	9.43551882660344e-07	6.50264505800087e-06
8:11704304-11748916_(GATA4)_3	0.00585266259332687	0.00995916042115499
8:11708928-11748916_(GATA4)_3	0.00585266259332687	0.00995916042115499
8:28361142-28385080_(ZNF395)_5	0.000698276048641593	0.00183909010263248
8:28361142-28386004_(ZNF395)_5	0.0497974505204222	0.0497974505204222
8:28361182-28368449_(ZNF395)_5	0.0403060694887456	0.0424625725696721
8:28891484-28963811_(HMBOX1)_3	0.0251811434916857	0.0308973377857924
8:42338685-42339012_(POLB)_5	2.42284964154493e-05	0.000106015695955437
8:42338685-42344953_(POLB)_5	2.42284964154506e-05	0.000106015695955437
8:42338685-42344953_(POLB)_3	1.21010839184796e-05	5.99257269495965e-05
8:42339069-42344953_(POLB)_3	1.21010839184796e-05	5.99257269495965e-05
8:42352568-42354417_(POLB)_5	4.40167703820627e-06	2.56351190887083e-05
8:42352568-42355516_(POLB)_5	4.40167703820627e-06	2.56351190887083e-05
8:42352568-42355516_(POLB)_3	1.09611257495922e-06	7.43020573353502e-06
8:42354521-42355516_(POLB)_3	1.09611257495916e-06	7.43020573353502e-06
8:42357392-42361295_(POLB)_3	0.00253259193179852	0.00515875253102802
8:42361202-42361295_(POLB)_3	0.00253259193179852	0.00515875253102802
8:47964712-47969798_(MCM4)_3	0.00378339547362182	0.00722602322560102
8:47967485-47969798_(MCM4)_3	0.00369716575117112	0.00716055287170613
8:47969401-47969798_(MCM4)_3	0.000295060666955942	0.000913914500271776
8:47970876-47971341_(MCM4)_3	3.87448964038201e-08	3.72581736348363e-07
8:47971189-47971341_(MCM4)_3	3.87448964038201e-08	3.72581736348363e-07
8:47973064-47976686_(MCM4)_3	8.81779211825831e-07	6.17992718796578e-06
8:47975848-47976686_(MCM4)_3	1.47117835179922e-06	9.81181045917705e-06
8:73027052-73032042_(TERF1)_3	0.00017777210601301	0.000595212678837082
8:73030955-73032042_(TERF1)_3	0.00017777210601301	0.000595212678837082
8:73032133-73038706_(TERF1)_5	4.8759901502731e-05	0.000188339861093955
8:73032133-73039116_(TERF1)_5	4.8759901502731e-05	0.000188339861093955
8:73032133-73039116_(TERF1)_3	0.0385805794279655	0.0411161587460405
8:73038795-73039116_(TERF1)_3	0.0385805794279655	0.0411161587460405
8:96239685-96245860_(MTERF3)_3	0.02551952492374	0.0310819545094756
8:96244080-96245860_(MTERF3)_3	0.0255195249237412	0.0310819545094756
8:140511646-140514369_(CHRAC1)_5	0.00280705316001389	0.00558036770031608
8:140511646-140515126_(CHRAC1)_5	0.00280705316001389	0.00558036770031608
8:140511646-140515126_(CHRAC1)_3	0.00090212393015332	0.0022607772431418
8:140514495-140515126_(CHRAC1)_3	0.00090212393015332	0.0022607772431418
8:143331339-143332487_(TOP1MT)_5	0.0105951333822518	0.0153722373809162
8:143331339-143334108_(TOP1MT)_5	0.0196684122098428	0.025140304323864
8:143331339-143334740_(TOP1MT)_5	0.00032593381207753	0.000983749133533276
8:143331339-143334740_(TOP1MT)_3	1.21450082167953e-07	1.06850231864784e-06
8:143331339-143344916_(TOP1MT)_5	6.85823535203795e-07	4.84765866336358e-06
8:143331339-143359875_(TOP1MT)_5	0.004068773736837	0.00768236502366255
8:143332657-143334740_(TOP1MT)_3	3.62889840680082e-05	0.000146395072313379
8:143334285-143334740_(TOP1MT)_3	1.83896322806853e-09	2.91824189826966e-08
8:144309896-144311321_(HSF1)_3	8.50308080607954e-06	4.50772296578704e-05
8:144311249-144311321_(HSF1)_3	8.50308080607954e-06	4.50772296578704e-05
8:144802947-144804125_(ZNF517)_3	0.0364667423785751	0.0398298359816303
8:144803767-144804125_(ZNF517)_3	0.0364667423785751	0.0398298359816303
9:32987729-32988083_(APTX)_3	0.0178136461817219	0.0232446565815137
9:32987731-32988083_(APTX)_3	0.0178136461817219	0.0232446565815137
9:36840636-36966549_(PAX5)_3	1.64670125180677e-09	2.67621570722395e-08
9:36846929-36882004_(PAX5)_5	0.00134386591376197	0.00311310115036736
9:36846929-36923355_(PAX5)_5	0.00520636346916564	0.00910288073784352
9:36846929-36966549_(PAX5)_5	0.00855992965033176	0.0132072048895977
9:36846929-36966549_(PAX5)_3	0.0148774773368715	0.0202030767776564
9:36882105-36966549_(PAX5)_3	0.00466683705575664	0.00835384035738256
9:36923484-36930888_(PAX5)_5	5.01737950339818e-05	0.000190338204096803
9:36923484-36966549_(PAX5)_5	5.01737950339818e-05	0.000190338204096803
9:36930944-36966549_(PAX5)_3	0.00695438117147693	0.0112549378254627
9:83978452-83980503_(HNRNPK)_3	0.0386986417467486	0.041188901833412
9:97675587-97684923_(XPA)_3	0.00537329617613731	0.00929647685704092
9:97682430-97684923_(XPA)_3	0.00537329617613731	0.00929647685704092
9:125935607-125960684_(PBX3)_3	0.0264258700337801	0.0318746661742465
9:125949440-125960684_(PBX3)_3	0.0264258700337801	0.0318746661742465
9:127428920-127444029_(ZNF79)_3	0.000562218560310294	0.00153342434977222
9:127436003-127444029_(ZNF79)_3	0.000562218560310294	0.00153342434977222
9:133030910-133042087_(GTF3C5)_3	0.0382736570625885	0.0409473666115921
9:133031164-133042087_(GTF3C5)_3	0.0382736570625885	0.0409473666115921
10:180128-197911_(ZMYND11)_5	0.0462455359936809	0.0470998254516923
10:180128-209889_(ZMYND11)_5	0.0462455359936809	0.0470998254516923
10:210048-221195_(ZMYND11)_5	0.000409377820870119	0.00118844236919557
10:210048-236838_(ZMYND11)_5	0.000409377820870139	0.00118844236919557
10:210048-236838_(ZMYND11)_3	0.00108083178243102	0.00259839501183272
10:221356-236838_(ZMYND11)_3	0.00108083178243102	0.00259839501183272
10:35127193-35148368_(CREM)_5	0.00446603072457278	0.00817125533013648
10:35127193-35206895_(CREM)_5	0.00246476891835698	0.00504545518683471
10:35127193-35206895_(CREM)_3	3.35511202729721e-07	2.69386179279106e-06
10:35179276-35206895_(CREM)_3	0.016862133929793	0.0223836031459692
10:35195214-35206895_(CREM)_3	6.58427608716872e-07	4.81875780892791e-06
10:35196099-35206895_(CREM)_3	0.0213765710146482	0.0270726251594396
10:35196142-35206895_(CREM)_3	0.0465951777932659	0.047222261133948
10:35201486-35206895_(CREM)_3	0.00367070651966062	0.00715960917867767
10:49506012-49524033_(ERCC6)_3	0.0195007916210257	0.0250033405745555
10:49517121-49524033_(ERCC6)_3	0.0195007916210257	0.0250033405745555
10:70091954-70093735_(MACROH2A2)_3	5.78428321247992e-10	1.08718232198202e-08
10:70092642-70093735_(MACROH2A2)_3	1.40293621123212e-10	2.90057061672241e-09
10:74825674-74838683_(KAT6B)_3	5.8468871469587e-05	0.000215864985291734
10:74826785-74838683_(KAT6B)_3	1.55083506230808e-05	7.28716248027717e-05
10:74827114-74838683_(KAT6B)_3	4.8723654854911e-05	0.000188339861093955
10:74981928-74989019_(KAT6B)_3	0.00785410221004957	0.0123485599386141
10:74985241-74989019_(KAT6B)_3	0.00785410221004957	0.0123485599386141
10:78019265-78020529_(POLR3A)_5	0.0388334993831048	0.0412263209112037
10:78019265-78021546_(POLR3A)_5	0.0388334993831048	0.0412263209112037
10:92690347-92692368_(HHEX)_3	1.5741859988038e-06	1.01707173516464e-05
10:92692099-92692368_(HHEX)_3	1.5741859988038e-06	1.01707173516464e-05
10:101587406-101587822_(POLL)_5	0.0012956811881886	0.00302691622212422
10:101587406-101588204_(POLL)_5	0.0012956811881886	0.00302691622212422
10:103878061-103889072_(STN1)_3	4.560976243133e-07	3.49252532691759e-06
10:103882841-103889072_(STN1)_3	0.00295247738431791	0.00585539279815565
10:103887728-103889072_(STN1)_3	0.0195704492015235	0.0250538103555107
10:103897719-103898293_(STN1)_5	0.0370207814243862	0.04017872209707
10:103897719-103898877_(STN1)_5	0.0370207814243862	0.04017872209707
10:103897719-103898877_(STN1)_3	0.00655767354903432	0.0107817018390684
10:103898377-103898877_(STN1)_3	0.00655767354903432	0.0107817018390684
11:613865-614476_(IRF7)_5	0.0193595135355694	0.0249381895543861
11:613865-614476_(IRF7)_3	0.00938238788841335	0.0141591875615289
11:614037-614476_(IRF7)_3	0.0268485369370545	0.0322260378039827
11:614399-614476_(IRF7)_3	0.0105672975561682	0.0153587962723218
11:644654-653962_(DEAF1)_3	0.0262404806676552	0.0318194684928898
11:47217049-47234573_(DDB2)_5	0.00216368145777904	0.00455309049766734
11:47217049-47234573_(DDB2)_3	0.00134986339177522	0.00311825984636342
11:47217049-47237837_(DDB2)_5	0.00216368145777904	0.00455309049766734
11:47217049-47237837_(DDB2)_3	5.60401913850193e-12	1.85380953101644e-10
11:47232959-47234573_(DDB2)_3	0.00158109249238856	0.00354353249649143
11:47235412-47237619_(DDB2)_5	0.00439368561629107	0.00809260134670983
11:47235412-47237837_(DDB2)_5	0.00439368561629107	0.00809260134670983
11:47235412-47237837_(DDB2)_3	1.87021548498539e-09	2.91824189826966e-08
11:47248999-47259791_(NR1H3)_3	2.03123186463032e-09	3.07826260585135e-08
11:47259259-47259791_(NR1H3)_3	9.83204068240835e-10	1.72635504024517e-08
11:57330429-57330855_(SSRP1)_3	4.897566396122e-05	0.000188339861093955
11:57330741-57330855_(SSRP1)_3	4.897566396122e-05	0.000188339861093955
11:64305736-64307168_(ESRRA)_3	3.05844529774856e-07	2.52933426123806e-06
11:64306448-64307168_(ESRRA)_3	2.49408286926852e-07	2.08344094230815e-06
11:64314367-64314744_(ESRRA)_5	0.0116541731346506	0.0166332058531821
11:64314367-64315001_(ESRRA)_5	0.0116541731346506	0.0166332058531821
11:64805770-64805888_(MEN1)_5	2.94556824742525e-05	0.000121799247031034
11:64805770-64806083_(MEN1)_5	2.94556824742525e-05	0.000121799247031034
11:65860332-65860973_(MUS81)_3	9.38711695694956e-09	1.1586784661787e-07
11:65860888-65860973_(MUS81)_3	9.38711695694956e-09	1.1586784661787e-07
11:65863502-65863578_(MUS81)_5	0.032915047070758	0.0369345236465629
11:65863502-65863600_(MUS81)_5	0.032915047070758	0.0369345236465629
11:65864815-65865017_(MUS81)_5	1.24895907630315e-08	1.39579615689555e-07
11:65864815-65865115_(MUS81)_5	1.24895907630315e-08	1.39579615689555e-07
11:68929357-68933299_(IGHMBP2)_3	0.00499593026080067	0.00884718271024016
11:68930434-68933299_(IGHMBP2)_3	0.00499593026080067	0.00884718271024016
11:68937091-68939534_(IGHMBP2)_3	4.3139565813319e-12	1.55114873598325e-10
11:68938354-68939534_(IGHMBP2)_3	4.3139565813319e-12	1.55114873598325e-10
11:71821547-71916074_(XNDC1N)_3	0.00333773759426887	0.00654101656507194
11:71865854-71916074_(XNDC1N)_3	0.0143245973620326	0.0196133146000015
11:119121639-119121783_(HINFP)_5	0.00821684676085495	0.0128213816438246
11:119121639-119126935_(HINFP)_5	0.00821684676085495	0.0128213816438246
11:65893296-65896809_(FOSL1)_3	0.0485930886464334	0.048710890073455
11:65894121-65896809_(FOSL1)_3	0.0485930886464334	0.048710890073455
11:31802834-31805389_(PAX6)_5	0.00391529021499967	0.0074607027829602
11:31802834-31806402_(PAX6)_5	0.0334420014372538	0.0374242695380364
12:2868754-2873977_(FOXM1)_3	0.0014019715237119	0.00319402327853923
12:6570689-6570869_(CHD4)_3	0.00612817125852221	0.0102591045157852
12:6570693-6570869_(CHD4)_3	0.00612817125852221	0.0102591045157852
12:6578117-6578409_(CHD4)_3	9.53672839384101e-06	4.99169264664995e-05
12:6578137-6578409_(CHD4)_3	9.53672839384149e-06	4.99169264664995e-05
12:31097997-31100560_(DDX11)_5	2.06648524079184e-06	1.2474330614123e-05
12:31097997-31100635_(DDX11)_5	2.06648524079184e-06	1.2474330614123e-05
12:50134068-50134546_(CERS5)_3	0.0457079619751239	0.046840749136837
12:50136069-50138567_(CERS5)_3	0.00460767921382664	0.00830185339833254
12:50137820-50138567_(CERS5)_3	0.00460767921382664	0.00830185339833254
12:50138617-50143074_(CERS5)_3	0.000460743480207433	0.0013093981379091
12:50142110-50143074_(CERS5)_3	0.000460743480207433	0.0013093981379091
12:50763741-50780140_(ATF1)_3	0.000381579221998653	0.00112702148783174
12:51099779-51101935_(TFCP2)_5	1.5037458029651e-05	7.10627302315509e-05
12:51099779-51106525_(TFCP2)_5	1.5037458029651e-05	7.10627302315509e-05
12:51099779-51106525_(TFCP2)_3	0.000153811941544902	0.0005322279316219
12:51104203-51106525_(TFCP2)_3	0.000153811941544902	0.0005322279316219
12:52037443-52041810_(NR4A1)_3	0.037739402642616	0.0406386536268795
12:52038749-52041810_(NR4A1)_3	0.00649343549515454	0.0107616656402661
12:52054651-52056030_(NR4A1)_3	0.0250716617539115	0.0308087136262776
12:52055204-52056030_(NR4A1)_3	0.0250716617539115	0.0308087136262776
12:54172109-54182504_(SMUG1)_3	0.0220842489824139	0.0278409663238663
12:54175147-54182504_(SMUG1)_3	0.0392043366254886	0.041460340651252
12:54181647-54182504_(SMUG1)_3	0.0232961674426293	0.0291026140106562
12:54187902-54188951_(SMUG1)_3	0.00891154275751802	0.0136985982536569
12:54188596-54188951_(SMUG1)_3	0.00891154275751802	0.0136985982536569
12:56348851-56349426_(STAT2)_3	0.000710147187166178	0.00186441817075057
12:56349261-56349426_(STAT2)_5	0.039097778845657	0.0414005929646074
12:56349261-56349426_(STAT2)_3	0.00717281460734725	0.0115857767192894
12:57099078-57099996_(STAT6)_3	0.00491360717058358	0.00875765760791514
12:57099903-57099996_(STAT6)_3	0.00491360717058358	0.00875765760791514
12:57517424-57517706_(DDIT3)_3	0.000189659712189625	0.000629084924937824
12:57517438-57517706_(DDIT3)_3	0.000297056660097191	0.000914681743251163
12:57517542-57517706_(DDIT3)_3	0.00207186784583327	0.0044274798669357
12:102124041-102153869_(PARPBP)_3	0.000262007023851863	0.000823877599716695
12:102148463-102150264_(PARPBP)_5	1.92441800205061e-06	1.17888421310804e-05
12:102148463-102151570_(PARPBP)_5	1.09626551792781e-05	5.66632239578935e-05
12:102148463-102151570_(PARPBP)_3	0.00261611455646493	0.00528979642590831
12:102148463-102153869_(PARPBP)_5	2.48770642784442e-05	0.000107713780933368
12:102148463-102153869_(PARPBP)_3	2.94010635738873e-06	1.73676282682891e-05
12:102150371-102151570_(PARPBP)_3	0.00261611455646493	0.00528979642590831
12:102151800-102153869_(PARPBP)_3	6.02994031948904e-07	4.45246486090843e-06
12:106985215-106986969_(MTERF2)_3	0.0324261095288788	0.0366445274934035
12:106985225-106986969_(MTERF2)_3	0.0362646909164153	0.0398298359816303
12:132677719-132679497_(POLE)_3	0.021359313203357	0.0270726251594396
12:132678569-132679497_(POLE)_3	0.021359313203357	0.0270726251594396
13:32371100-32374962_(BRCA2)_5	0.00740502263884	0.0117780500153769
13:32371100-32376670_(BRCA2)_5	0.00740502263884	0.0117780500153769
13:32371100-32376670_(BRCA2)_3	0.00219991014826594	0.00460319444442621
13:32375406-32376670_(BRCA2)_3	0.00219991014826594	0.00460319444442621
14:20455338-20455578_(APEX1)_3	0.00614938753675939	0.0102738252381819
14:20455389-20455578_(APEX1)_3	0.000658821975462621	0.00175756701195996
14:20455428-20455578_(APEX1)_3	0.0410486448198201	0.0430256391203944
14:20456860-20456991_(APEX1)_5	0.0145817972862842	0.0198995814451437
14:20456860-20457078_(APEX1)_5	0.0145817972862842	0.0198995814451437
14:45198835-45199870_(FANCM)_3	3.86339697227951e-08	3.72581736348363e-07
14:45198935-45199870_(FANCM)_3	3.86339697227951e-08	3.72581736348363e-07
14:65078036-65101546_(MAX)_3	0.000562218560310294	0.00153342434977222
14:65093815-65101546_(MAX)_3	0.000562218560310294	0.00153342434977222
14:67819853-67823542_(RAD51B)_3	1.14132166847385e-05	5.73148178374213e-05
14:67822330-67823542_(RAD51B)_3	1.14132166847385e-05	5.73148178374213e-05
14:105466578-105469467_(MTA1)_3	0.00120687527013073	0.00285984483781694
15:30905897-30908118_(FAN1)_3	0.00829579105802569	0.012920186826718
15:30906504-30908118_(FAN1)_3	0.0192440656177834	0.0248281470606972
15:36950400-37031164_(MEIS2)_5	3.32523585310043e-07	2.69386179279106e-06
15:36950400-37036814_(MEIS2)_5	3.32523585310043e-07	2.69386179279106e-06
15:40695321-40698757_(RAD51)_3	0.0425859005675207	0.0443558435382111
15:40709116-40728711_(RAD51)_3	0.0151919003049714	0.0204255864679787
15:40718899-40728711_(RAD51)_3	0.0151919003049714	0.0204255864679787
15:41056706-41069570_(INO80)_5	0.0250249265292207	0.0308087136262776
15:41056706-41069570_(INO80)_3	0.0298140203436781	0.0347270349636926
15:41059926-41069570_(INO80)_3	0.0298140203436781	0.0347270349636926
15:41621589-41668828_(MGA)_3	0.0146334773196116	0.0199372088028316
15:56918906-56919892_(TCF12)_3	0.000897431134907831	0.0022607772431418
15:56919228-56919892_(TCF12)_3	0.000897431134907831	0.0022607772431418
15:57282598-57286157_(TCF12)_5	0.000565531350278752	0.00153342434977222
15:57282598-57299226_(TCF12)_5	0.000565531350278752	0.00153342434977222
15:80059809-80075164_(ZFAND6)_3	0.0119471784003423	0.0168784581523889
15:80060247-80098416_(ZFAND6)_3	0.0134716683933124	0.0185375536793167
15:80072647-80075164_(ZFAND6)_3	0.0119471784003423	0.0168784581523889
15:89317536-89318541_(POLG)_3	0.0173571578046099	0.0228209372089228
15:89318037-89318541_(POLG)_3	0.0115076040124589	0.0165222022887214
15:92901299-92924321_(CHD2)_3	0.000773981582163037	0.00200652905469853
15:92905008-92924321_(CHD2)_3	0.000773981582163037	0.00200652905469853
15:99566599-99598430_(MEF2A)_3	0.00241477818957202	0.00495538849324084
16:1665138-1666073_(CRAMP1)_5	5.08765731003851e-09	6.89752884492106e-08
16:1665138-1666422_(CRAMP1)_5	5.08765731003851e-09	6.89752884492106e-08
16:1665138-1666422_(CRAMP1)_3	1.00999444059854e-10	2.14170615993588e-09
16:1666177-1666422_(CRAMP1)_3	1.00999444059854e-10	2.14170615993588e-09
16:1666600-1667962_(CRAMP1)_3	0.0319317587455045	0.0363740557610637
16:1667400-1667962_(CRAMP1)_3	0.0319317587455045	0.0363740557610637
16:2040238-2042002_(NTHL1)_5	0.0134243878950774	0.018515750488774
16:2040238-2043567_(NTHL1)_5	0.0134243878950774	0.018515750488774
16:2043726-2046128_(NTHL1)_3	1.64061452712469e-06	1.04368324148624e-05
16:2044800-2046128_(NTHL1)_3	1.64061452712469e-06	1.04368324148624e-05
16:3138541-3138745_(ZNF213)_5	0.00052417903440343	0.00144981960351718
16:3138541-3140689_(ZNF213)_5	0.00052417903440343	0.00144981960351718
16:3138541-3140689_(ZNF213)_3	0.00107497717791614	0.00259839501183272
16:3139098-3140689_(ZNF213)_3	0.00107497717791614	0.00259839501183272
16:3305643-3308313_(ZNF75A)_5	0.000214401712835727	0.000695334182412338
16:3305643-3311753_(ZNF75A)_5	0.000214401712835727	0.000695334182412338
16:3305643-3311753_(ZNF75A)_3	2.89446955494013e-05	0.000121387054197087
16:3308836-3311753_(ZNF75A)_3	2.89446955494013e-05	0.000121387054197087
16:23603669-23607864_(PALB2)_5	0.0200756381402274	0.0256089440011346
16:23603669-23621362_(PALB2)_5	0.0156917708426912	0.020964611448959
16:23603669-23621362_(PALB2)_3	0.00908019739342153	0.0137785747602928
16:23614091-23621362_(PALB2)_3	0.00908019739342153	0.0137785747602928
16:23629275-23641110_(PALB2)_3	0.0322834156889622	0.0366232987308254
16:23638592-23641110_(PALB2)_3	0.0226822373921958	0.0284646590642579
16:23640496-23641110_(PALB2)_3	0.00163996475002445	0.00366554283316276
16:30923152-30925731_(FBXL19)_3	0.0455338795949415	0.0467202461848841
16:67192870-67193009_(E2F4)_5	0.000592988103533	0.00159739792059215
16:67192870-67193422_(E2F4)_5	0.00128052235750776	0.00300849997062192
16:67192870-67194398_(E2F4)_5	0.000812289525081034	0.00208622185478887
16:67192870-67194398_(E2F4)_3	0.000409559945853371	0.00118844236919557
16:67193515-67194398_(E2F4)_3	0.000409559945853371	0.00118844236919557
16:69368482-69368587_(TERF2)_5	0.023675681863489	0.0294876338872069
16:69368482-69370483_(TERF2)_5	0.0159168341101096	0.0212310029178398
16:81036206-81041356_(ATMIN)_3	6.79875639590798e-07	4.84740413736087e-06
16:81037475-81041356_(ATMIN)_3	6.79875639590798e-07	4.84740413736087e-06
16:85901246-85903015_(IRF8)_3	0.0371767830084206	0.040242407785293
16:85902867-85903015_(IRF8)_3	0.0284837299081987	0.0337479149485392
16:88806638-88807051_(CDT1)_3	0.000102061386294133	0.000362252216589066
16:88806674-88807051_(CDT1)_3	0.000102061386294138	0.000362252216589066
17:4982160-4982757_(CAMTA2)_3	0.00112386265408152	0.00267848534560638
17:4982227-4982757_(CAMTA2)_3	0.000241896651489976	0.000766469466598507
17:7667425-7670609_(TP53)_3	0.017039496705087	0.0225017095519314
17:7670715-7673535_(TP53)_3	0.0134025515739829	0.018515750488774
17:7673266-7673535_(TP53)_3	0.00638150201079429	0.0105973939014596
17:7673339-7673535_(TP53)_3	0.011077779941287	0.0159883490601122
17:7675236-7676382_(TP53)_3	0.000957417695898253	0.00237773103455812
17:7676272-7676382_(TP53)_3	0.000957417695898253	0.00237773103455812
17:18291027-18294703_(TOP3A)_3	0.0170599418247412	0.0225017095519314
17:18292852-18294703_(TOP3A)_3	0.0170599418247412	0.0225017095519314
17:35107447-35118501_(RAD51D)_5	2.68035276394212e-05	0.000114852421543012
17:35107447-35119111_(RAD51D)_5	2.58780797453091e-05	0.000111464437236306
17:40331396-40348316_(RARA)_3	0.00671580811811791	0.0109762318452243
17:40342867-40348316_(RARA)_3	0.00742002909070301	0.0117780500153769
17:42212190-42216014_(STAT5B)_5	7.68086557328919e-06	4.12472456435724e-05
17:42212190-42217160_(STAT5B)_5	7.68086557328919e-06	4.12472456435724e-05
17:42212190-42217160_(STAT5B)_3	1.49891524647796e-05	7.10627302315509e-05
17:42216106-42217160_(STAT5B)_3	1.49891524647796e-05	7.10627302315509e-05
17:42288598-42289866_(STAT5A)_3	1.4759024104531e-05	7.10627302315509e-05
17:42289539-42289866_(STAT5A)_3	1.4759024104531e-05	7.10627302315509e-05
17:42304652-42306241_(STAT5A)_3	0.0201279487312424	0.0256089440011346
17:42305702-42306241_(STAT5A)_3	0.0201279487312424	0.0256089440011346
17:42346713-42388279_(STAT3)_3	0.0452384515209803	0.0464747818731064
17:42348517-42388279_(STAT3)_3	0.0191341648940859	0.0247636218582301
17:42348520-42388279_(STAT3)_3	0.0265596665265051	0.0319721167648031
17:42374206-42388279_(STAT3)_3	0.000235320065642625	0.000748498824178658
17:43094860-43095846_(BRCA1)_5	0.0254979602202951	0.0310819545094756
17:43094860-43099775_(BRCA1)_5	0.0233339199257202	0.0291058096207701
17:43094860-43099775_(BRCA1)_3	0.0286948866125536	0.0337948312008249
17:43097289-43099775_(BRCA1)_3	0.0286948866125536	0.0337948312008249
17:43115779-43124017_(BRCA1)_3	0.0318342653467446	0.0363631732620964
17:43121676-43124017_(BRCA1)_3	0.013378301297288	0.018515750488774
17:43124115-43125182_(BRCA1)_5	0.00422369346105185	0.0078671047123646
17:43124115-43125271_(BRCA1)_5	0.00422369346105185	0.0078671047123646
17:44207911-44208619_(UBTF)_5	4.57355867988522e-06	2.62662015851741e-05
17:44207911-44209352_(UBTF)_5	4.57355867988522e-06	2.62662015851741e-05
17:44207911-44209352_(UBTF)_3	0.0072955302597469	0.0116926424899432
17:44209001-44209352_(UBTF)_3	0.0072955302597469	0.0116926424899432
17:44215809-44215906_(UBTF)_5	0.00112004859871313	0.00267711037900508
17:44215809-44216529_(UBTF)_5	0.00112004859871313	0.00267711037900508
17:44215809-44216529_(UBTF)_3	0.000279812190437546	0.000869942411623498
17:44215989-44216529_(UBTF)_3	0.000279812190437546	0.000869942411623498
17:44218296-44219445_(UBTF)_5	0.000126596967141619	0.000445513582238803
17:44218296-44220740_(UBTF)_5	6.54122099917497e-05	0.000238838304449444
17:49312845-49316826_(ZNF652)_5	0.0465772912100753	0.047222261133948
17:49312845-49317366_(ZNF652)_5	0.0465772912100753	0.047222261133948
17:58692685-58694931_(RAD51C)_3	7.65405979243268e-09	1.02095281424868e-07
17:58692788-58694931_(RAD51C)_3	1.00199567027531e-09	1.72635504024517e-08
17:58720812-58732484_(RAD51C)_5	0.00750477435576817	0.0118670141342644
17:58720812-58734118_(RAD51C)_5	0.00750477435576817	0.0118670141342644
17:61684140-61693430_(BRIP1)_3	0.0100504988101589	0.0146591931499143
17:61686165-61693430_(BRIP1)_3	0.0100504988101589	0.0146591931499143
17:61744591-61776401_(BRIP1)_3	0.00606414187220756	0.0101931815616172
17:61759310-61776401_(BRIP1)_3	0.00606414187220756	0.0101931815616172
17:61778179-61780261_(BRIP1)_3	0.0373264330977174	0.0402989036185539
17:61778778-61780261_(BRIP1)_3	0.0373264330977174	0.0402989036185539
17:61793729-61799100_(BRIP1)_3	0.0119295470866949	0.0168784581523889
17:61796540-61799100_(BRIP1)_3	0.0119295470866949	0.0168784581523889
17:61801474-61801906_(BRIP1)_5	0.000319580217450893	0.000968105640409847
17:61801474-61808467_(BRIP1)_5	0.000319580217450893	0.000968105640409847
18:22934078-22936754_(RBBP8)_3	0.0424003848331381	0.0442183080164
18:22934774-22936754_(RBBP8)_3	0.00449808172144869	0.0081936422547094
18:32092235-32111754_(RNF138)_3	0.00513050549281488	0.00898925432745319
18:32092886-32111754_(RNF138)_3	0.00513050549281488	0.00898925432745319
18:32113860-32124734_(RNF138)_3	0.00035777350236438	0.00106431182178181
18:32123574-32124734_(RNF138)_3	0.00035777350236438	0.00106431182178181
18:50273863-50275129_(MBD1)_3	1.2174687240673e-06	8.1857449984037e-06
18:50275045-50275129_(MBD1)_3	2.58191651470189e-06	1.53614745155285e-05
18:50285928-50287587_(CXXC1)_3	2.53755279672511e-08	2.69045661909188e-07
18:50286858-50287587_(CXXC1)_3	2.53755279672511e-08	2.69045661909188e-07
18:54189011-54204998_(MBD2)_3	0.00264694485401148	0.00533908144943291
18:54203102-54204998_(MBD2)_3	5.38711068766424e-08	5.06265970306628e-07
18:54203126-54204998_(MBD2)_3	0.0151718184945481	0.0204255864679787
18:55351003-55383904_(TCF4)_5	0.0409379853792432	0.0429641039449671
18:55351003-55401689_(TCF4)_5	0.00026152695567364	0.000823877599716695
18:55403518-55422192_(TCF4)_5	5.10975075985691e-05	0.000192957254721537
18:55403518-55423714_(TCF4)_5	1.17678771791609e-08	1.35167144821751e-07
18:55403518-55461019_(TCF4)_5	3.82000355319751e-05	0.000153356453324968
18:55585352-55585973_(TCF4)_5	5.19787676850719e-05	0.000194508782242328
18:55585352-55588038_(TCF4)_5	0.0366247983300787	0.0399021718884336
18:79451041-79451676_(NFATC1)_3	0.0301803610264802	0.0348105419370977
18:79451126-79451676_(NFATC1)_3	0.0301803610264802	0.0348105419370977
19:960164-964248_(ARID3A)_3	0.00957325704795528	0.0142650154570433
19:961940-964248_(ARID3A)_3	0.00957325704795528	0.0142650154570433
19:1090141-1090908_(POLR2E)_3	0.0299530752009022	0.034791001672958
19:1090145-1090908_(POLR2E)_5	9.4626861205825e-15	6.71592761738138e-13
19:1090145-1090908_(POLR2E)_3	0.0299530752009022	0.034791001672958
19:1090145-1091792_(POLR2E)_5	9.4626861205825e-15	6.71592761738138e-13
19:1090145-1091792_(POLR2E)_3	2.24026074935639e-14	1.32335402836981e-12
19:1090988-1091792_(POLR2E)_3	2.24026074935639e-14	1.32335402836981e-12
19:1091907-1092313_(POLR2E)_5	0.0146876599154181	0.0199781163652151
19:1091907-1093904_(POLR2E)_5	1.16057911638088e-08	1.35167144821751e-07
19:1091907-1095259_(POLR2E)_5	1.08420440200952e-07	9.64125849959006e-07
19:1091907-1095259_(POLR2E)_3	1.11210061411894e-08	1.31386743982337e-07
19:1094078-1095259_(POLR2E)_3	1.11210061411894e-08	1.31386743982337e-07
19:1578534-1581092_(MBD3)_3	0.025476895341302	0.0310819545094756
19:1578538-1581092_(MBD3)_3	0.025476895341302	0.0310819545094756
19:1585214-1585905_(MBD3)_5	1.028694071921e-07	9.24706518998547e-07
19:6026237-6110393_(RFX2)_3	5.12861556964527e-11	1.21181859317047e-09
19:6391974-6392857_(GTF2F1)_3	0.0428726731049589	0.0445165334771593
19:6392410-6392857_(GTF2F1)_3	0.0428726731049589	0.0445165334771593
19:10133701-10135736_(DNMT1)_3	8.3172086500055e-09	1.05820485439301e-07
19:10134307-10135736_(DNMT1)_3	8.3172086500055e-09	1.05820485439301e-07
19:10163360-10166592_(DNMT1)_5	0.0136682711008085	0.0187457051415731
19:10163360-10166598_(DNMT1)_5	0.0136682711008085	0.0187457051415731
19:12163206-12185785_(ZNF136)_3	0.0116653680711555	0.0166332058531821
19:12164874-12185785_(ZNF136)_3	0.0116653680711555	0.0166332058531821
19:12250368-12294692_(ZNF44)_3	0.00397472877473573	0.00752196955768066
19:12949408-12951492_(RAD23A)_5	0.000643435760653626	0.0017220756442089
19:12949408-12952689_(RAD23A)_5	0.000275485964156439	0.000862980652868845
19:12949408-12952936_(RAD23A)_5	0.0383562551958058	0.0409827171148984
19:12949408-12952936_(RAD23A)_3	0.0395315706014241	0.0417530126275577
19:13075671-13081680_(NFIX)_5	0.0400807775535879	0.0422790855061444
19:15368322-15370146_(AKAP8)_3	1.63047067548728e-15	1.97764023798021e-13
19:15369224-15370146_(AKAP8)_3	1.67393974194213e-15	1.97764023798021e-13
19:15397203-15397520_(AKAP8L)_3	0.0363179424659832	0.0398298359816303
19:15397280-15397520_(AKAP8L)_3	0.0363179424659832	0.0398298359816303
19:15397855-15399302_(AKAP8L)_3	1.72253780583228e-05	7.95831712526982e-05
19:15398731-15399302_(AKAP8L)_3	0.000190170775374191	0.000629084924937824
19:15398766-15399302_(AKAP8L)_3	6.16689748790108e-06	3.44596231249608e-05
19:35733508-35733597_(KMT2B)_5	0.00683397892821318	0.0111253948299848
19:35733508-35733749_(KMT2B)_5	0.00683397892821318	0.0111253948299848
19:36607622-36609902_(ZNF382)_5	0.00220418984279659	0.00460319444442621
19:36607622-36609927_(ZNF382)_5	0.00119367805143924	0.0028367004268398
19:36607622-36610650_(ZNF382)_5	0.000736707145982562	0.00192194577201129
19:36607622-36610650_(ZNF382)_3	0.000519547548359443	0.00144668627102108
19:36610053-36610650_(ZNF382)_3	0.000519547548359443	0.00144668627102108
19:36851904-36854450_(ZNF345)_5	0.00449471563430189	0.0081936422547094
19:36851904-36862917_(ZNF345)_5	0.00578005972423831	0.00987625907426671
19:36851904-36876785_(ZNF345)_5	0.00924202263207236	0.0139787617047516
19:36854594-36876785_(ZNF345)_3	0.0470637794365021	0.0475234988937573
19:42091591-42091867_(POU2F2)_5	0.000687102044474141	0.00181544214306746
19:42091591-42092069_(POU2F2)_5	0.000687102044474141	0.00181544214306746
19:45012276-45025329_(RELB)_3	0.000219390465899888	0.00070597632412143
19:45022210-45025329_(RELB)_3	0.000219390465899888	0.00070597632412143
19:45354851-45357270_(ERCC2)_3	0.00136531909429686	0.00313644136384307
19:45355728-45357270_(ERCC2)_3	0.00136531909429686	0.00313644136384307
19:45357543-45361524_(ERCC2)_3	0.0013038337580468	0.00302884976939523
19:45357699-45361524_(ERCC2)_3	0.0013038337580468	0.00302884976939523
19:45364331-45364838_(ERCC2)_3	0.00950927438110096	0.0142546643671966
19:45364547-45364838_(ERCC2)_3	0.00950927438110096	0.0142546643671966
19:45368992-45370133_(ERCC2)_3	3.56247420306836e-05	0.000144419910094977
19:45369147-45370133_(ERCC2)_3	3.56247420306836e-05	0.000144419910094977
19:45409725-45413677_(ERCC1)_5	0.00411123285138587	0.00772724901840027
19:45409725-45416821_(ERCC1)_5	0.00411123285138587	0.00772724901840027
19:45409725-45416821_(ERCC1)_3	0.000726503718255126	0.00190132460442085
19:45413745-45413963_(ERCC1)_5	0.0015333437317793	0.00345524595689778
19:45413745-45414861_(ERCC1)_5	0.00303637772707374	0.00599304148040568
19:45413745-45416821_(ERCC1)_5	0.00969508213222331	0.0144205628117782
19:45413745-45416821_(ERCC1)_3	0.00723176194482859	0.0116582205231447
19:45414960-45416821_(ERCC1)_3	5.4534038091939e-05	0.000202240580726608
19:45423381-45423823_(ERCC1)_5	7.01627161337208e-06	3.81740567385442e-05
19:45423381-45449173_(ERCC1)_5	0.000117897480280769	0.000416671864069212
19:45423381-45478736_(ERCC1)_5	0.000212738227405877	0.000695334182412338
19:48119190-48122934_(LIG1)_3	0.00741078034108222	0.0117780500153769
19:48121322-48122934_(LIG1)_3	0.00741078034108222	0.0117780500153769
19:48150210-48153872_(LIG1)_5	0.0414989069988568	0.0433876056738996
19:48150210-48157014_(LIG1)_5	0.0414989069988568	0.0433876056738996
19:48633655-48634508_(DBP)_5	4.4259706544172e-09	6.31082367448797e-08
19:48633655-48635580_(DBP)_5	4.4259706544172e-09	6.31082367448797e-08
19:49660828-49661450_(IRF3)_5	3.3300692826921e-11	8.09990381407756e-10
19:49660828-49662425_(IRF3)_5	3.3300692826921e-11	8.09990381407756e-10
19:50377870-50378522_(NR1H2)_3	0.00535874037706991	0.00929647685704092
19:50378312-50378522_(NR1H2)_3	0.000157316433626265	0.000542086210870503
19:50378439-50378522_(NR1H2)_3	2.43689075347091e-05	0.000106068876480023
19:50415590-50415724_(POLD1)_5	2.21461414313508e-05	9.89992376417682e-05
19:50415590-50416396_(POLD1)_5	2.21461414313508e-05	9.89992376417682e-05
19:50415590-50416396_(POLD1)_3	2.34601446178298e-05	0.000103751548657461
19:50415826-50416396_(POLD1)_3	2.34601446178298e-05	0.000103751548657461
19:52801702-52817944_(ZNF28)_3	0.00279590047842792	0.00558036770031608
19:52808133-52817944_(ZNF28)_3	0.00279590047842792	0.00558036770031608
19:57547993-57556231_(ZNF550)_3	0.00181268049651298	0.0039674203530765
19:57552722-57556231_(ZNF550)_3	0.00181268049651298	0.0039674203530765
19:58476196-58477179_(ZNF446)_3	7.11153730967893e-15	6.53471261678275e-13
19:58476504-58477179_(ZNF446)_3	7.11153730967893e-15	6.53471261678275e-13
19:50352606-50372871_(NR1H2)_3	0.0321182356931365	0.0364859627997581
19:50359787-50372871_(NR1H2)_3	0.0321182356931365	0.0364859627997581
20:41101353-41112782_(TOP1)_3	0.0482793666831683	0.0485146308988487
20:41104453-41112782_(TOP1)_3	0.0482793666831683	0.0485146308988487
20:41185201-41202057_(ZHX3)_3	0.0134334344537659	0.018515750488774
20:41201384-41202057_(ZHX3)_3	0.0134334344537659	0.018515750488774
20:41205066-41268979_(ZHX3)_5	0.00985879007609343	0.0145333679018347
20:41205066-41268990_(ZHX3)_5	0.0100712826329807	0.0146636456645688
20:50904001-50930826_(ADNP)_3	8.53013746209437e-11	1.95956213365335e-09
20:50928825-50930826_(ADNP)_3	1.10097761667608e-09	1.8581805897778e-08
20:57604769-57610149_(ZBP1)_3	0.0152142216012997	0.0204255864679787
20:57607300-57610149_(ZBP1)_3	0.0152142216012997	0.0204255864679787
20:64062503-64066476_(TCEA2)_3	2.56425814049954e-06	1.53614745155285e-05
20:64063384-64066476_(TCEA2)_3	0.00173933720769359	0.00385638571250026
20:64066332-64066476_(TCEA2)_3	4.98246256962299e-12	1.71687356044925e-10
20:64223173-64227415_(MYT1)_3	0.0304219235051989	0.0349915587465918
20:64223359-64227415_(MYT1)_3	0.0304219235051989	0.0349915587465918
20:57335907-57338276_(SPO11)_3	0.0284332825112499	0.0337364772407513
20:57337771-57338276_(SPO11)_3	0.0284332825112499	0.0337364772407513
21:34887096-34889677_(RUNX1)_5	0.00438978869533871	0.00809260134670983
21:34887096-34892925_(RUNX1)_5	3.25111441237508e-05	0.00013376475716588
21:34887096-35048842_(RUNX1)_5	1.25684115235509e-05	6.18695019641465e-05
21:34887096-35048842_(RUNX1)_3	4.91915477585178e-05	0.000188339861093955
21:34892963-35048842_(RUNX1)_3	4.91915477585178e-05	0.000188339861093955
21:38806120-38810035_(ETS2)_5	0.0349081445472219	0.0388546911716723
21:38806120-38810035_(ETS2)_3	0.0492205702734388	0.0492801593415665
22:21962893-21963923_(TOP3B)_3	0.0129762286514	0.0180662307991714
22:21963020-21963923_(TOP3B)_3	0.0129762286514	0.0180662307991714
22:21975807-21982414_(TOP3B)_5	0.000477421267895438	0.00133839792728653
22:21975807-21982730_(TOP3B)_5	0.00102063783420734	0.00251960444444619
22:21975807-21982730_(TOP3B)_3	0.00417727978690811	0.00783358363667348
22:21982449-21982730_(TOP3B)_3	0.00463677827936176	0.00832833132138343
22:23801081-23803295_(SMARCB1)_3	1.59312011800023e-05	7.44356122930051e-05
22:23801135-23803295_(SMARCB1)_3	1.98788295961535e-05	9.03408634667319e-05
22:37967170-37967625_(POLR2F)_5	0.004518020245597	0.00821187416067851
22:37967170-37972230_(POLR2F)_5	0.00851843572311498	0.0131677501738618
22:41367599-41387351_(TEF)_3	1.06563206328495e-11	3.3895296782179e-10
22:41382201-41387351_(TEF)_3	2.2638678108877e-11	6.24072893201376e-10
X:67546762-67643256_(AR)_3	3.85900415271806e-08	3.72581736348363e-07
X:67569022-67643256_(AR)_3	3.85900415271806e-08	3.72581736348363e-07
Y:19735750-19741318_(KDM5D)_3	0.0123604898648942	0.0172671032403167
Y:19739662-19741318_(KDM5D)_3	0.0123604898648942	0.0172671032403167
